{"CK-2":{"mg_number":80.7722127184,"cr_number":9.9190694786,"mg_number_std":1.0578651733,"cr_number_std":0.1188572472},"CK-3":{"mg_number":78.2590562716,"cr_number":23.1498759365,"mg_number_std":1.1194341159,"cr_number_std":0.167296217},"CK-4":{"mg_number":75.3150007716,"cr_number":25.8382549556,"mg_number_std":0.8428141501,"cr_number_std":1.1613617062},"CK-5":{"mg_number":80.0158773374,"cr_number":9.6656396809,"mg_number_std":0.3440332171,"cr_number_std":0.056907093},"CK-6":{"mg_number":74.5301997109,"cr_number":16.5729214409,"mg_number_std":1.0150797205,"cr_number_std":0.2814009533},"CK-7":{"mg_number":79.5954747674,"cr_number":10.6980620835,"mg_number_std":0.2408531218,"cr_number_std":0.0376032705}}