{"config": {"pressure": 1.5}, "samples": {"CK-5": {"core": {"bkn": 1023.576443546233, "ca_opx": 979.9015842618558, "ta98": 956.15602323032942}, "rim": {"bkn": 1029.7123574979614, "ca_opx": 1045.9736293406302, "ta98": 964.17764801923465}}, "CK-4": {"core": {"bkn": 1082.1706218158256, "ca_opx": 1084.7126710966522, "ta98": 1038.2073753501559}, "rim": {"bkn": 1092.6638476496796, "ca_opx": 1089.3172003433856, "ta98": 1049.0710946258691}}, "CK-7": {"core": {"bkn": 1035.6534184613561, "ca_opx": 1008.4350704661326, "ta98": 981.25654687593135}, "rim": {"bkn": 1052.2373090321189, "ca_opx": 1030.1043330572497, "ta98": 999.53259779993743}}, "CK-6": {"core": {"bkn": 1097.543534559507, "ca_opx": 1077.782707388321, "ta98": 1062.0711941489894}, "rim": {"bkn": 1104.0709472787771, "ca_opx": 1084.5611091701585, "ta98": 1068.9329022084594}}, "CK-3": {"core": {"bkn": 1087.6699106884967, "ca_opx": 1068.5750007551019, "ta98": 1040.8455491081445}, "rim": {"bkn": 1101.9523245984915, "ca_opx": 1101.9650547429937, "ta98": 1054.4426788980113}}, "CK-2": {"core": {"bkn": 1015.1565108994211, "ca_opx": 991.9890898915558, "ta98": 953.44190143536514}, "rim": {"bkn": 1016.357076554582, "ca_opx": 1000.7815961094085, "ta98": 956.30068887501432}}}}